langkah,detik
baca trips_bersih,0.4065
relasional: muat tabel,1.8522
key-value: bangun dict,9.6918
cari 200 perjalanan SQL tanpa indeks,8.8441
cari 200 perjalanan SQL dengan indeks,0.0062
cari 200 perjalanan key-value,0.002
hitung per wilayah SQL GROUP BY,0.2942
hitung per wilayah key-value (buka semua nilai),1.9847
DuckDB hitung per wilayah (langsung dari Parquet),0.0617
SQLite muat seluruh baris ke tabel,6.0976
SQLite hitung per wilayah,1.7459
DuckDB hanya wilayah Staten Island,0.0395
hitung arus antar zona,0.1402
2 langkah graph (NetworkX),0.0204
2 langkah SQL self-join (DuckDB),0.0197
"cara 1 loop Python, 5 kotak",13.1894
"cara 2 NumPy, 1000 kotak",0.5543
bangun indeks STRtree,0.0751
"cara 3 STRtree, 1000 kotak",0.3765
